sample_id,input_type,input,library_id,mark_duplicates
cata_1268,srr,SRR9333020,H3-HiSeq4000,true
coca_6,fastq,/n/netscratch/davis_lab/Everyone/dwhite/cocawgs/all_cocawgs_fastqs/PREP0450_DWREA18057_G9v1_coca_6_S111_L004_R1_001.fastq.gz;/n/netscratch/davis_lab/Everyone/dwhite/cocawgs/all_cocawgs_fastqs/PREP0450_DWREA18057_G9v1_coca_6_S111_L004_R2_001.fastq.gz,PREP0450_DWREA18057,true
coca_6,fastq,/n/netscratch/davis_lab/Everyone/dwhite/cocawgs/all_cocawgs_fastqs/PREP0450_DWREA18057_G9v1_coca_6_mar24_S34_L004_R1_001.fastq.gz;/n/netscratch/davis_lab/Everyone/dwhite/cocawgs/all_cocawgs_fastqs/PREP0450_DWREA18057_G9v1_coca_6_mar24_S34_L004_R2_001.fastq.gz,PREP0450-SUB15629-mar24seq,true
coca_V3Dulc,fastq,/n/netscratch/davis_lab/Everyone/dwhite/cocawgs/all_cocawgs_fastqs/P489_DWhitREA18665_E01v1_coca_V3_Dulc-mar24_GACGAATG+GTCCTTGA_R1_001.fastq.gz;/n/netscratch/davis_lab/Everyone/dwhite/cocawgs/all_cocawgs_fastqs/P489_DWhitREA18665_E01v1_coca_V3_Dulc-mar24_GACGAATG+GTCCTTGA_R2_001.fastq.gz,PREP0489-SUB15628-mar24seq,true
coca_V7BoRo,fastq,/n/netscratch/davis_lab/Everyone/dwhite/cocawgs/all_cocawgs_fastqs/P489_DWhitREA18665_D01v1_coca_V7_BoRo-mar24_TGATCGGA+ACTGCGAA_R1_001.fastq.gz;/n/netscratch/davis_lab/Everyone/dwhite/cocawgs/all_cocawgs_fastqs/P489_DWhitREA18665_D01v1_coca_V7_BoRo-mar24_TGATCGGA+ACTGCGAA_R2_001.fastq.gz,PREP0489-SUB15628-mar24seq,true
dens_IRGNF2324373,srr,SRR16133662,SAMN18272462,true
dncf_1477,fastq,/n/netscratch/davis_lab/Everyone/dwhite/cocawgs/all_cocawgs_fastqs/PREPDW031424-AMP2normLib_A04v1_E_densumcf_1477-mar24_GTTGACCT+CAGTGCTT_R1_001.fastq.gz;/n/netscratch/davis_lab/Everyone/dwhite/cocawgs/all_cocawgs_fastqs/PREPDW031424-AMP2normLib_A04v1_E_densumcf_1477-mar24_GTTGACCT+CAGTGCTT_R2_001.fastq.gz,PREPDW031424-SUB15628-mar24seq,true
dncf_1623,fastq,/n/netscratch/davis_lab/Everyone/dwhite/cocawgs/all_cocawgs_fastqs/PREP0449_DWhitREA18058B_H3v1_dncf_1623_S24_L004_R1_001.fastq.gz;/n/netscratch/davis_lab/Everyone/dwhite/cocawgs/all_cocawgs_fastqs/PREP0449_DWhitREA18058B_H3v1_dncf_1623_S24_L004_R2_001.fastq.gz,PREP0449_DWhitREA18058B,true
foet_IRGNF2324478,srr,SRR16132259,SAMN18272469,true
grac_1408,fastq,/n/netscratch/davis_lab/Everyone/dwhite/cocawgs/all_cocawgs_fastqs/PREP0331_DWhit15905A_F01v1_grac_1408_S4_L004_R1_001.fastq.gz;/n/netscratch/davis_lab/Everyone/dwhite/cocawgs/all_cocawgs_fastqs/PREP0331_DWhit15905A_F01v1_grac_1408_S4_L004_R2_001.fastq.gz,PREP0331_DWhit15905A,true
grac_1408,fastq,/n/netscratch/davis_lab/Everyone/dwhite/cocawgs/all_cocawgs_fastqs/P489_DWhitREA18665_B01v1_grac_1408-mar24_AGTCGACA+CGAATACG_R1_001.fastq.gz;/n/netscratch/davis_lab/Everyone/dwhite/cocawgs/all_cocawgs_fastqs/P489_DWhitREA18665_B01v1_grac_1408-mar24_AGTCGACA+CGAATACG_R2_001.fastq.gz,PREP0489-SUB15628-mar24seq,true
grac_745,srr,SRR9319673,h2-HiSeq4000,true
gxca_799,fastq,/n/netscratch/davis_lab/Everyone/dwhite/cocawgs/all_cocawgs_fastqs/PREP0329_DWhit15901A_C04v1_gxca_799_S36_L004_R1_001.fastq.gz;/n/netscratch/davis_lab/Everyone/dwhite/cocawgs/all_cocawgs_fastqs/PREP0329_DWhit15901A_C04v1_gxca_799_S36_L004_R2_001.fastq.gz,PREP0329_DWhit15901A,true
ipad_1550,fastq,/n/netscratch/davis_lab/Everyone/dwhite/cocawgs/all_cocawgs_fastqs/PREP0329_DWhit15901A_H08v1_ipad_1550_S73_L004_R1_001.fastq.gz;/n/netscratch/davis_lab/Everyone/dwhite/cocawgs/all_cocawgs_fastqs/PREP0329_DWhit15901A_H08v1_ipad_1550_S73_L004_R2_001.fastq.gz,PREP0329_DWhit15901A,true
ipad_771,fastq,/n/netscratch/davis_lab/Everyone/dwhite/cocawgs/all_cocawgs_fastqs/PREP0329_DWhit15901A_D06v1_ipad_771_S53_L004_R1_001.fastq.gz;/n/netscratch/davis_lab/Everyone/dwhite/cocawgs/all_cocawgs_fastqs/PREP0329_DWhit15901A_D06v1_ipad_771_S53_L004_R2_001.fastq.gz,PREP0329_DWhit15901A,true
novo_919,fastq,/n/netscratch/davis_lab/Everyone/dwhite/cocawgs/all_cocawgs_fastqs/PREP0329_DWhit15901A_C05v1_novo_919_S44_L004_R1_001.fastq.gz;/n/netscratch/davis_lab/Everyone/dwhite/cocawgs/all_cocawgs_fastqs/PREP0329_DWhit15901A_C05v1_novo_919_S44_L004_R2_001.fastq.gz,PREP0329_DWhit15901A,true
novo_V1TiPC,fastq,/n/netscratch/davis_lab/Everyone/dwhite/cocawgs/all_cocawgs_fastqs/PREPDW031424-AMP2normLib_E08v1_novo_V1_TiPC-mar24_GTCGAAGA+CCACATTG_R1_001.fastq.gz;/n/netscratch/davis_lab/Everyone/dwhite/cocawgs/all_cocawgs_fastqs/PREPDW031424-AMP2normLib_E08v1_novo_V1_TiPC-mar24_GTCGAAGA+CCACATTG_R2_001.fastq.gz,PREPDW031424-SUB15628-mar24seq,true
trux_1558,fastq,/n/netscratch/davis_lab/Everyone/dwhite/cocawgs/all_cocawgs_fastqs/PREP0330_DWhit15904A_F01v1_trux_1558_S108_L004_R1_001.fastq.gz;/n/netscratch/davis_lab/Everyone/dwhite/cocawgs/all_cocawgs_fastqs/PREP0330_DWhit15904A_F01v1_trux_1558_S108_L004_R2_001.fastq.gz,PREP0330_DWhit15904A,true
trux_1558,fastq,/n/netscratch/davis_lab/Everyone/dwhite/cocawgs/all_cocawgs_fastqs/PREP0330_DWhit15904A_F01v1_trux_1558-mar24_S62_L003_R1_001.fastq.gz;/n/netscratch/davis_lab/Everyone/dwhite/cocawgs/all_cocawgs_fastqs/PREP0330_DWhit15904A_F01v1_trux_1558-mar24_S62_L003_R2_001.fastq.gz,PREP0330-SUB15628-mar24seq,true
trux_765,fastq,/n/netscratch/davis_lab/Everyone/dwhite/cocawgs/all_cocawgs_fastqs/PREP0331_DWhit15905A_C04v1_trux_765_S23_L004_R1_001.fastq.gz;/n/netscratch/davis_lab/Everyone/dwhite/cocawgs/all_cocawgs_fastqs/PREP0331_DWhit15905A_C04v1_trux_765_S23_L004_R2_001.fastq.gz,PREP0331_DWhit15905A,true
trux_863,fastq,/n/netscratch/davis_lab/Everyone/dwhite/cocawgs/all_cocawgs_fastqs/PREP0329_DWhit15901A_C01v1_trux_863-mar24_S17_L003_R1_001.fastq.gz;/n/netscratch/davis_lab/Everyone/dwhite/cocawgs/all_cocawgs_fastqs/PREP0329_DWhit15901A_C01v1_trux_863-mar24_S17_L003_R2_001.fastq.gz,PREP0329-SUB15628-mar24seq,true
trux_IRGNUSDAB304,srr,SRR13003866,SAMN16692306,true
